"region_id","postcode_id"
"1","2"
"1","5"
"1","6"
"1","17"
"1","24"
"1","32"
"1","33"
"1","37"
"1","40"
"1","41"
"1","46"
"1","50"
"1","59"
"1","65"
"1","66"
"1","74"
"1","82"
"1","85"
"1","91"
"1","94"
"1","108"
"1","112"
"1","113"
"1","115"
"1","116"
"1","119"
"1","122"
"1","125"
"1","126"
"1","129"
"1","137"
"1","141"
"1","143"
"1","144"
"1","149"
"1","156"
"1","158"
"1","162"
"1","165"
"1","174"
"1","177"
"1","178"
"1","180"
"1","188"
"1","195"
"1","201"
"1","202"
"1","208"
"1","211"
"1","242"
"1","248"
"1","249"
"1","263"
"1","264"
"1","270"
"1","274"
"1","277"
"1","279"
"1","284"
"1","295"
"1","296"
"1","298"
"1","304"
"1","331"
"1","333"
"1","345"
"1","346"
"1","351"
"1","353"
"1","357"
"1","367"
"1","368"
"1","390"
"1","399"
"1","405"
"1","417"
"1","423"
"1","424"
"1","426"
"1","435"
"1","450"
"1","459"
"1","484"
"1","500"
"1","505"
"1","524"
"1","539"
"1","542"
"1","554"
"1","569"
"1","574"
"1","583"
"1","597"
"1","607"
"1","618"
"1","638"
"1","643"
"1","645"
"1","663"
"1","682"
"1","683"
"1","713"
"1","721"
"1","725"
"1","746"
"1","752"
"1","760"
"1","768"
"1","774"
"1","780"
"1","794"
"1","798"
"1","813"
"1","815"
"1","819"
"1","835"
"1","841"
"1","848"
"1","859"
"1","865"
"1","868"
"1","872"
"1","910"
"1","913"
"1","931"
"1","955"
"1","962"
"1","964"
"1","965"
"1","993"
"1","997"
"1","999"
"1","1012"
"1","1024"
"1","1025"
"1","1029"
"1","1046"
"1","1053"
"1","1063"
"1","1065"
"1","1077"
"1","1101"
"1","1119"
"1","1127"
"1","1128"
"1","1132"
"1","1159"
"1","1187"
"1","1208"
"1","1212"
"1","1224"
"1","1253"
"1","1288"
"1","1293"
"1","1296"
"1","1297"
"1","1322"
"1","1371"
"1","1398"
"1","1401"
"1","1436"
"1","1452"
"1","1454"
"1","1487"
"1","1488"
"1","1497"
"1","1519"
"1","1522"
"1","1531"
"1","1560"
"1","1597"
"1","1637"
"1","1660"
"1","1661"
"1","1663"
"1","1678"
"1","1684"
"1","1690"
"1","1691"
"1","1700"
"1","1701"
"1","1702"
"1","1731"
"1","1782"
"1","1789"
"1","1796"
"1","1798"
"1","1799"
"1","1811"
"1","1813"
"1","1815"
"1","1823"
"1","1825"
"1","1826"
"1","1885"
"1","1896"
"1","1915"
"1","1920"
"1","1939"
"1","1954"
"1","1974"
"1","1982"
"1","2000"
"1","2007"
"1","2008"
"1","2012"
"1","2013"
"1","2031"
"1","2032"
"1","2066"
"1","2067"
"1","2075"
"1","2088"
"1","2109"
"1","2121"
"1","2147"
"1","2150"
"1","2201"
"1","2218"
"1","2229"
"1","2248"
"1","2261"
"1","2302"
"1","2323"
"1","2325"
"1","2333"
"1","2380"
"1","2400"
"1","2413"
"1","2417"
"1","2423"
"1","2426"
"1","2450"
"1","2452"
"1","2521"
"1","2541"
"1","2567"
"1","2586"
"1","2588"
"1","2602"
"1","2640"
"1","2672"
"1","2680"
"1","2683"
"1","2685"
"1","2686"
"1","2688"
"1","2697"
"1","2698"
"1","2709"
"1","2738"
"1","2749"
"1","2788"
"1","2789"
"1","2812"
"1","2816"
"1","2843"
"1","2922"
"1","2947"
"1","3044"
"1","3153"
"1","3159"
"1","3163"
"1","3207"
"1","3215"
"1","3241"
"1","3272"
"1","3276"
"1","3311"
"1","3358"
"1","3363"
"1","3380"
"1","3419"
"1","3472"
"1","3504"
"1","3517"
"1","3520"
"1","3605"
"1","3621"
"1","3732"
"1","3783"
"1","3903"
"1","3911"
"1","3943"
"1","3963"
"1","3965"
"1","3969"
"1","3977"
"1","3991"
"1","4008"
"1","4012"
"1","4014"
"1","4017"
"1","4027"
"1","4060"
"1","4061"
"1","4075"
"1","4092"
"1","4096"
"1","4121"
"1","4200"
"1","4244"
"1","4321"
"1","4334"
"1","4346"
"1","4348"
"1","4350"
"1","4381"
"1","4403"
"1","4461"
"1","4480"
"1","4513"
"1","4526"
"1","4632"
"1","4633"
"1","4683"
"1","4765"
"1","4777"
"1","4837"
"1","4838"
"1","4866"
"1","5035"
"1","5061"
"1","5067"
"1","5074"
"1","5077"
"1","5355"
"1","5379"
"1","5414"
"1","5471"
"1","5497"
"1","5537"
"1","5547"
"1","5552"
"1","5557"
"1","5568"
"1","5593"
"1","5631"
"1","5678"
"1","5694"
"1","5696"
"1","5725"
"1","5730"
"1","5799"
"1","5801"
"1","5806"
"1","5810"
"1","5849"
"1","6000"
"1","6110"
"1","6126"
"1","6183"
"1","6223"
"1","6286"
"1","6578"
"1","6629"
"1","6687"
"1","6985"
"1","7041"
"1","7051"
"1","7072"
"1","7133"
"1","7204"
"1","7344"
"1","7400"
"1","7491"
"1","7559"
"1","7575"
"1","7598"
"1","7644"
"1","7752"
"1","7841"
"1","7971"
"1","7984"
"1","7988"
"1","8021"
"1","8044"
"1","8056"
"1","8061"
"1","8075"
"1","8090"
"1","8132"
"1","8209"
"1","8294"
"1","8328"
"1","8491"
"1","8505"
"1","8883"
"1","8901"
"1","9161"
"1","9188"
"1","9214"
"1","9231"
"1","9267"
"1","9648"
"1","9649"
"1","9650"
"1","9651"
"1","9652"
"1","9653"
"1","9654"
"1","9655"
"1","9656"
"1","9657"
"1","9658"
"1","9659"
"1","9660"
"1","9661"
"1","9662"
"1","9663"
"1","9664"
"1","9665"
"1","9666"
"1","9667"
"1","9668"
"1","9669"
"1","9670"
"1","9671"
"1","9672"
"1","9673"
"1","9674"
"1","9675"
"1","9676"
"1","9677"
"1","9678"
"1","9679"
"1","9680"
"1","9681"
"1","9682"
"1","9683"
"1","9684"
"1","9685"
"1","9686"
"1","9687"
"1","9688"
"1","9689"
"1","9690"
"1","9691"
"1","9692"
"1","9693"
"1","9694"
"1","9695"
"1","9696"
"1","9697"
"1","9698"
"1","9699"
"1","9700"
"1","9993"
"1","9994"
"1","9995"
"1","9996"
"1","9997"
"1","9998"
"1","9999"
"1","10000"
"1","10001"
"1","10002"
"1","10003"
"1","10027"
"2","9"
"2","10"
"2","18"
"2","25"
"2","27"
"2","31"
"2","42"
"2","44"
"2","47"
"2","48"
"2","51"
"2","52"
"2","53"
"2","54"
"2","58"
"2","60"
"2","61"
"2","62"
"2","63"
"2","71"
"2","72"
"2","81"
"2","84"
"2","89"
"2","93"
"2","96"
"2","99"
"2","103"
"2","104"
"2","111"
"2","117"
"2","124"
"2","127"
"2","135"
"2","138"
"2","160"
"2","170"
"2","171"
"2","173"
"2","179"
"2","183"
"2","189"
"2","190"
"2","192"
"2","199"
"2","207"
"2","209"
"2","216"
"2","222"
"2","223"
"2","224"
"2","229"
"2","233"
"2","239"
"2","243"
"2","244"
"2","255"
"2","257"
"2","259"
"2","261"
"2","265"
"2","266"
"2","268"
"2","269"
"2","275"
"2","281"
"2","287"
"2","302"
"2","305"
"2","309"
"2","315"
"2","318"
"2","328"
"2","335"
"2","348"
"2","361"
"2","365"
"2","366"
"2","369"
"2","375"
"2","377"
"2","383"
"2","392"
"2","396"
"2","397"
"2","400"
"2","402"
"2","410"
"2","418"
"2","427"
"2","428"
"2","429"
"2","434"
"2","438"
"2","439"
"2","443"
"2","447"
"2","448"
"2","453"
"2","455"
"2","462"
"2","469"
"2","470"
"2","476"
"2","481"
"2","486"
"2","487"
"2","488"
"2","494"
"2","496"
"2","498"
"2","509"
"2","513"
"2","514"
"2","520"
"2","525"
"2","528"
"2","530"
"2","538"
"2","544"
"2","561"
"2","577"
"2","578"
"2","591"
"2","596"
"2","603"
"2","605"
"2","612"
"2","615"
"2","616"
"2","629"
"2","632"
"2","634"
"2","640"
"2","641"
"2","648"
"2","650"
"2","651"
"2","652"
"2","658"
"2","660"
"2","666"
"2","671"
"2","680"
"2","688"
"2","689"
"2","690"
"2","692"
"2","693"
"2","695"
"2","699"
"2","700"
"2","706"
"2","708"
"2","727"
"2","734"
"2","736"
"2","737"
"2","744"
"2","753"
"2","754"
"2","770"
"2","772"
"2","773"
"2","777"
"2","778"
"2","784"
"2","786"
"2","787"
"2","788"
"2","797"
"2","800"
"2","801"
"2","804"
"2","805"
"2","829"
"2","831"
"2","833"
"2","837"
"2","839"
"2","849"
"2","855"
"2","856"
"2","857"
"2","858"
"2","863"
"2","869"
"2","875"
"2","879"
"2","882"
"2","894"
"2","895"
"2","901"
"2","902"
"2","903"
"2","904"
"2","905"
"2","907"
"2","926"
"2","932"
"2","933"
"2","934"
"2","937"
"2","938"
"2","948"
"2","949"
"2","958"
"2","960"
"2","978"
"2","988"
"2","989"
"2","998"
"2","1004"
"2","1014"
"2","1018"
"2","1020"
"2","1028"
"2","1032"
"2","1034"
"2","1035"
"2","1038"
"2","1070"
"2","1076"
"2","1080"
"2","1081"
"2","1086"
"2","1094"
"2","1135"
"2","1139"
"2","1141"
"2","1142"
"2","1144"
"2","1148"
"2","1149"
"2","1155"
"2","1158"
"2","1163"
"2","1176"
"2","1177"
"2","1197"
"2","1217"
"2","1218"
"2","1232"
"2","1241"
"2","1242"
"2","1248"
"2","1255"
"2","1256"
"2","1258"
"2","1270"
"2","1271"
"2","1272"
"2","1273"
"2","1276"
"2","1282"
"2","1283"
"2","1291"
"2","1298"
"2","1303"
"2","1321"
"2","1334"
"2","1349"
"2","1352"
"2","1367"
"2","1376"
"2","1378"
"2","1380"
"2","1388"
"2","1389"
"2","1393"
"2","1408"
"2","1443"
"2","1451"
"2","1465"
"2","1467"
"2","1480"
"2","1492"
"2","1494"
"2","1496"
"2","1507"
"2","1509"
"2","1518"
"2","1525"
"2","1546"
"2","1548"
"2","1571"
"2","1574"
"2","1580"
"2","1599"
"2","1602"
"2","1605"
"2","1608"
"2","1647"
"2","1657"
"2","1683"
"2","1686"
"2","1706"
"2","1707"
"2","1710"
"2","1715"
"2","1726"
"2","1745"
"2","1746"
"2","1754"
"2","1759"
"2","1819"
"2","1829"
"2","1833"
"2","1839"
"2","1851"
"2","1869"
"2","1874"
"2","1875"
"2","1897"
"2","1898"
"2","1901"
"2","1912"
"2","1919"
"2","1922"
"2","1928"
"2","1935"
"2","1948"
"2","1953"
"2","1956"
"2","1959"
"2","1960"
"2","1964"
"2","1993"
"2","1997"
"2","2001"
"2","2027"
"2","2037"
"2","2045"
"2","2056"
"2","2069"
"2","2071"
"2","2087"
"2","2112"
"2","2126"
"2","2130"
"2","2135"
"2","2145"
"2","2149"
"2","2154"
"2","2160"
"2","2179"
"2","2196"
"2","2205"
"2","2211"
"2","2212"
"2","2214"
"2","2216"
"2","2217"
"2","2221"
"2","2259"
"2","2276"
"2","2278"
"2","2281"
"2","2291"
"2","2293"
"2","2298"
"2","2305"
"2","2341"
"2","2365"
"2","2394"
"2","2395"
"2","2427"
"2","2456"
"2","2466"
"2","2470"
"2","2526"
"2","2538"
"2","2564"
"2","2582"
"2","2592"
"2","2597"
"2","2599"
"2","2609"
"2","2611"
"2","2612"
"2","2615"
"2","2617"
"2","2624"
"2","2630"
"2","2634"
"2","2637"
"2","2652"
"2","2689"
"2","2694"
"2","2695"
"2","2700"
"2","2752"
"2","2765"
"2","2768"
"2","2773"
"2","2783"
"2","2786"
"2","2794"
"2","2805"
"2","2814"
"2","2834"
"2","2885"
"2","2888"
"2","2900"
"2","2903"
"2","2920"
"2","2928"
"2","2961"
"2","2996"
"2","3000"
"2","3026"
"2","3030"
"2","3055"
"2","3082"
"2","3086"
"2","3091"
"2","3108"
"2","3111"
"2","3139"
"2","3143"
"2","3146"
"2","3178"
"2","3187"
"2","3190"
"2","3193"
"2","3232"
"2","3255"
"2","3266"
"2","3271"
"2","3277"
"2","3280"
"2","3298"
"2","3314"
"2","3339"
"2","3345"
"2","3348"
"2","3391"
"2","3403"
"2","3435"
"2","3438"
"2","3496"
"2","3519"
"2","3543"
"2","3544"
"2","3560"
"2","3598"
"2","3609"
"2","3646"
"2","3659"
"2","3662"
"2","3672"
"2","3690"
"2","3691"
"2","3807"
"2","3844"
"2","3881"
"2","3889"
"2","3927"
"2","3948"
"2","3957"
"2","3960"
"2","4000"
"2","4047"
"2","4090"
"2","4097"
"2","4151"
"2","4163"
"2","4206"
"2","4235"
"2","4243"
"2","4261"
"2","4363"
"2","4374"
"2","4409"
"2","4453"
"2","4455"
"2","4463"
"2","4488"
"2","4516"
"2","4518"
"2","4519"
"2","4525"
"2","4572"
"2","4602"
"2","4608"
"2","4616"
"2","4624"
"2","4635"
"2","4672"
"2","4686"
"2","4701"
"2","4710"
"2","4735"
"2","4746"
"2","4748"
"2","4759"
"2","4768"
"2","4862"
"2","4907"
"2","4909"
"2","4963"
"2","5029"
"2","5043"
"2","5047"
"2","5125"
"2","5154"
"2","5155"
"2","5248"
"2","5250"
"2","5251"
"2","5262"
"2","5265"
"2","5294"
"2","5375"
"2","5378"
"2","5401"
"2","5413"
"2","5464"
"2","5587"
"2","5626"
"2","5672"
"2","5674"
"2","5784"
"2","5803"
"2","6029"
"2","6146"
"2","6150"
"2","6156"
"2","6176"
"2","6185"
"2","6333"
"2","6389"
"2","6403"
"2","6541"
"2","6550"
"2","6561"
"2","6758"
"2","6814"
"2","6820"
"2","6824"
"2","6839"
"2","6929"
"2","6970"
"2","7082"
"2","7176"
"2","7184"
"2","7238"
"2","7267"
"2","7279"
"2","7449"
"2","7508"
"2","7613"
"2","7627"
"2","7654"
"2","7670"
"2","7690"
"2","7705"
"2","7721"
"2","7793"
"2","7812"
"2","8003"
"2","8029"
"2","8045"
"2","8062"
"2","8102"
"2","8107"
"2","8215"
"2","8224"
"2","8254"
"2","8344"
"2","8353"
"2","8455"
"2","8473"
"2","8483"
"2","8563"
"2","8566"
"2","8582"
"2","8606"
"2","8683"
"2","8697"
"2","8725"
"2","8838"
"2","8858"
"2","8892"
"2","9037"
"2","9149"
"2","9154"
"2","9222"
"2","9238"
"2","9270"
"2","9271"
"2","9272"
"2","9273"
"2","9274"
"2","9275"
"2","9276"
"2","9277"
"2","9278"
"2","9279"
"2","9280"
"2","9281"
"2","9282"
"2","9283"
"2","9284"
"2","9285"
"2","9286"
"2","9287"
"2","9288"
"2","9289"
"2","9290"
"2","9291"
"2","9292"
"2","9293"
"2","9294"
"2","9295"
"2","9296"
"2","9297"
"2","9298"
"2","9299"
"2","9300"
"2","9301"
"2","9302"
"2","9303"
"2","9304"
"2","9305"
"2","9306"
"2","9307"
"2","9308"
"2","9309"
"2","9310"
"2","9311"
"2","9312"
"2","9313"
"2","9314"
"2","9315"
"2","9316"
"2","9317"
"2","9318"
"2","9319"
"2","9320"
"2","9321"
"2","9322"
"2","9323"
"2","9324"
"2","9325"
"2","9326"
"2","9327"
"2","9328"
"2","9329"
"2","9330"
"2","9331"
"2","9332"
"2","9333"
"2","9334"
"2","9335"
"2","9336"
"2","9337"
"2","9338"
"2","9339"
"2","9340"
"2","9341"
"2","9342"
"2","9343"
"2","9344"
"2","9345"
"2","9346"
"2","9347"
"2","9348"
"2","9349"
"2","9350"
"2","9351"
"2","9352"
"2","9353"
"2","9354"
"2","9355"
"2","9356"
"2","9357"
"2","9358"
"2","9359"
"2","9360"
"2","9361"
"2","9362"
"2","9363"
"2","9364"
"2","9365"
"2","9366"
"2","9367"
"2","9368"
"2","9369"
"2","9370"
"2","9371"
"2","9372"
"2","9373"
"2","9374"
"2","9375"
"2","9376"
"2","9377"
"2","9378"
"2","9379"
"2","9380"
"2","9381"
"2","9382"
"2","9383"
"2","9384"
"2","9385"
"2","9386"
"2","9387"
"2","9388"
"2","9389"
"2","9390"
"2","9391"
"2","9392"
"2","9393"
"2","9394"
"2","9395"
"2","9396"
"2","9397"
"2","9398"
"2","9399"
"2","9400"
"2","9401"
"2","9402"
"2","9403"
"2","9404"
"2","9405"
"2","9406"
"2","9407"
"2","9408"
"2","9409"
"2","9410"
"2","9411"
"2","9412"
"2","9413"
"2","9414"
"2","9415"
"2","9416"
"2","9417"
"2","9418"
"2","9419"
"2","9420"
"2","9421"
"2","9422"
"2","9423"
"2","9424"
"2","9425"
"2","9426"
"2","9427"
"2","9428"
"2","9429"
"2","9430"
"2","9431"
"2","9432"
"2","9433"
"2","9434"
"2","9435"
"2","9436"
"2","9437"
"2","9438"
"2","9439"
"2","9440"
"2","9441"
"2","9442"
"2","9443"
"2","9444"
"2","9445"
"2","9446"
"2","9447"
"2","9448"
"2","9449"
"2","9450"
"2","9451"
"2","9452"
"2","9453"
"2","9454"
"2","9455"
"2","9456"
"2","9457"
"2","9458"
"2","9459"
"2","9460"
"2","9461"
"2","9462"
"2","9463"
"2","9464"
"2","9465"
"2","9466"
"2","9467"
"2","9468"
"2","9469"
"2","9470"
"2","9471"
"2","9472"
"2","9473"
"2","9474"
"2","9475"
"2","9476"
"2","9477"
"2","9478"
"2","9479"
"2","9480"
"2","9481"
"2","9482"
"2","9483"
"2","9484"
"2","9485"
"2","9486"
"2","9487"
"2","9488"
"2","9489"
"2","9490"
"2","9491"
"2","9492"
"2","9493"
"2","9494"
"2","9495"
"2","9496"
"2","9497"
"2","9498"
"2","9499"
"2","9500"
"2","9501"
"2","9502"
"2","9503"
"2","9504"
"2","9505"
"2","9506"
"2","9507"
"2","9508"
"2","9509"
"2","9510"
"2","9511"
"2","9512"
"2","9513"
"2","9514"
"2","9515"
"2","9516"
"2","9517"
"2","9518"
"2","9519"
"2","9520"
"2","9521"
"2","9522"
"2","9523"
"2","9524"
"2","9525"
"2","9526"
"2","9527"
"2","9528"
"2","9529"
"2","9530"
"2","9532"
"2","9533"
"2","9534"
"2","9535"
"2","9536"
"2","9537"
"2","9538"
"2","9539"
"2","9540"
"2","9541"
"2","9542"
"2","9543"
"2","9544"
"2","9545"
"2","9546"
"2","9547"
"2","9548"
"2","9549"
"2","9550"
"2","9552"
"2","9553"
"2","9554"
"2","9555"
"2","9556"
"2","9557"
"2","9558"
"2","9559"
"2","9560"
"2","9561"
"2","9562"
"2","9563"
"2","9567"
"2","9568"
"2","9569"
"2","9570"
"2","9571"
"2","9572"
"2","9573"
"2","9574"
"2","9575"
"2","10009"
"2","72946"
"3","7"
"3","16"
"3","38"
"3","45"
"3","70"
"3","80"
"3","86"
"3","97"
"3","102"
"3","145"
"3","169"
"3","175"
"3","193"
"3","214"
"3","226"
"3","231"
"3","250"
"3","256"
"3","260"
"3","280"
"3","283"
"3","297"
"3","308"
"3","329"
"3","330"
"3","339"
"3","343"
"3","344"
"3","355"
"3","363"
"3","370"
"3","372"
"3","379"
"3","380"
"3","382"
"3","391"
"3","395"
"3","436"
"3","507"
"3","515"
"3","532"
"3","535"
"3","541"
"3","545"
"3","550"
"3","556"
"3","562"
"3","564"
"3","565"
"3","571"
"3","573"
"3","580"
"3","582"
"3","584"
"3","590"
"3","594"
"3","602"
"3","672"
"3","679"
"3","687"
"3","733"
"3","745"
"3","747"
"3","749"
"3","751"
"3","764"
"3","771"
"3","785"
"3","900"
"3","911"
"3","947"
"3","951"
"3","952"
"3","1013"
"3","1017"
"3","1019"
"3","1043"
"3","1045"
"3","1051"
"3","1087"
"3","1102"
"3","1169"
"3","1173"
"3","1174"
"3","1202"
"3","1237"
"3","1240"
"3","1247"
"3","1254"
"3","1260"
"3","1285"
"3","1292"
"3","1301"
"3","1315"
"3","1326"
"3","1345"
"3","1347"
"3","1365"
"3","1372"
"3","1392"
"3","1400"
"3","1425"
"3","1427"
"3","1482"
"3","1485"
"3","1505"
"3","1510"
"3","1511"
"3","1545"
"3","1550"
"3","1551"
"3","1561"
"3","1570"
"3","1609"
"3","1627"
"3","1652"
"3","1659"
"3","1727"
"3","1738"
"3","1750"
"3","1755"
"3","1757"
"3","1763"
"3","1779"
"3","1822"
"3","1905"
"3","1907"
"3","1923"
"3","1949"
"3","1966"
"3","1967"
"3","1970"
"3","1975"
"3","2006"
"3","2064"
"3","2077"
"3","2094"
"3","2105"
"3","2108"
"3","2182"
"3","2198"
"3","2242"
"3","2267"
"3","2268"
"3","2279"
"3","2297"
"3","2331"
"3","2359"
"3","2399"
"3","2401"
"3","2444"
"3","2537"
"3","2581"
"3","2608"
"3","2620"
"3","2622"
"3","2684"
"3","2736"
"3","2850"
"3","2905"
"3","2950"
"3","2972"
"3","3010"
"3","3051"
"3","3072"
"3","3113"
"3","3219"
"3","3238"
"3","3315"
"3","3321"
"3","3325"
"3","3354"
"3","3392"
"3","3444"
"3","3454"
"3","3468"
"3","3479"
"3","3481"
"3","3494"
"3","3590"
"3","3596"
"3","3597"
"3","3622"
"3","3648"
"3","3773"
"3","3782"
"3","3847"
"3","3859"
"3","3860"
"3","3863"
"3","4031"
"3","4032"
"3","4070"
"3","4082"
"3","4112"
"3","4132"
"3","4135"
"3","4178"
"3","4183"
"3","4186"
"3","4190"
"3","4192"
"3","4195"
"3","4264"
"3","4301"
"3","4377"
"3","4434"
"3","4437"
"3","4456"
"3","4486"
"3","4494"
"3","4502"
"3","4509"
"3","4510"
"3","4531"
"3","4533"
"3","4567"
"3","4587"
"3","4600"
"3","4631"
"3","4640"
"3","4692"
"3","4693"
"3","4695"
"3","4706"
"3","4966"
"3","4970"
"3","4980"
"3","5018"
"3","5084"
"3","5142"
"3","5186"
"3","5218"
"3","5301"
"3","5352"
"3","5392"
"3","5523"
"3","5539"
"3","5597"
"3","5605"
"3","5659"
"3","5685"
"3","5699"
"3","5761"
"3","5791"
"3","5821"
"3","5857"
"3","5886"
"3","6023"
"3","6127"
"3","6147"
"3","6178"
"3","6213"
"3","6225"
"3","6259"
"3","6311"
"3","6313"
"3","6352"
"3","6445"
"3","6499"
"3","6600"
"3","6659"
"3","6678"
"3","6728"
"3","6732"
"3","6916"
"3","6944"
"3","7027"
"3","7063"
"3","7134"
"3","7197"
"3","7242"
"3","7269"
"3","7274"
"3","7292"
"3","7319"
"3","7415"
"3","7486"
"3","7668"
"3","8011"
"3","8025"
"3","8031"
"3","8078"
"3","8187"
"3","8257"
"3","8446"
"3","8518"
"3","8674"
"3","8726"
"3","8735"
"3","8795"
"3","8888"
"3","9027"
"3","9064"
"3","9090"
"3","9144"
"3","9153"
"3","9170"
"3","9171"
"3","9211"
"3","9228"
"3","9256"
"3","9734"
"3","9735"
"3","9736"
"3","9737"
"3","9738"
"3","9739"
"3","9740"
"3","9741"
"3","9742"
"3","9743"
"3","9744"
"3","9745"
"3","9746"
"3","9747"
"3","9748"
"3","9749"
"3","9750"
"3","9751"
"3","9752"
"3","9753"
"3","9754"
"3","9755"
"3","9756"
"3","9757"
"3","9758"
"3","9759"
"3","9760"
"3","9761"
"3","9762"
"3","9763"
"3","9764"
"3","9765"
"3","9766"
"3","9767"
"3","9768"
"3","9769"
"3","9770"
"3","9771"
"3","9772"
"3","9773"
"3","9774"
"3","9775"
"3","9776"
"3","9777"
"3","9778"
"3","9779"
"3","9780"
"3","9781"
"3","9782"
"3","9783"
"3","9784"
"3","9785"
"3","9786"
"3","9787"
"3","9788"
"3","9789"
"3","9790"
"3","9791"
"3","9792"
"3","9793"
"3","9794"
"3","9795"
"3","9796"
"3","9797"
"3","9798"
"3","9799"
"3","9800"
"3","9801"
"3","9802"
"3","9803"
"3","9804"
"3","9805"
"3","9806"
"3","9807"
"3","9808"
"3","9809"
"3","9810"
"3","9811"
"3","9812"
"3","9813"
"3","9814"
"3","9815"
"3","9816"
"3","9817"
"3","9818"
"3","9819"
"3","9820"
"3","9821"
"3","9822"
"3","9823"
"3","9824"
"3","9825"
"3","9826"
"3","9827"
"3","9828"
"3","9829"
"3","9830"
"3","9831"
"3","9832"
"3","9833"
"3","9834"
"3","9835"
"3","9836"
"3","9837"
"3","9838"
"3","9839"
"3","9840"
"3","9841"
"3","9842"
"3","9843"
"3","9844"
"3","9845"
"3","9846"
"3","9847"
"3","9848"
"3","9849"
"3","9850"
"3","9851"
"3","9852"
"3","9853"
"3","9854"
"3","9855"
"3","9856"
"3","9857"
"3","9858"
"3","9859"
"3","9860"
"3","9861"
"3","9862"
"3","9863"
"3","9864"
"3","9865"
"3","9866"
"3","9867"
"3","9868"
"3","9869"
"3","9870"
"3","9871"
"3","9872"
"3","9873"
"3","9874"
"3","9875"
"3","9876"
"3","9877"
"3","9878"
"3","9879"
"3","9880"
"3","9881"
"3","9882"
"3","9883"
"3","9884"
"3","9885"
"3","9886"
"3","10019"
"3","10020"
"3","10021"
"3","10022"
"3","10023"
"3","10024"
"3","10025"
"3","10026"
"4","13"
"4","64"
"4","79"
"4","92"
"4","95"
"4","136"
"4","150"
"4","182"
"4","210"
"4","349"
"4","711"
"4","717"
"4","722"
"4","1001"
"4","2308"
"4","2489"
"4","2668"
"4","3090"
"4","3745"
"4","3891"
"4","4009"
"4","6616"
"4","7943"
"4","9942"
"4","9945"
"4","9958"
"4","9961"
"4","9963"
"4","9964"
"4","9965"
"4","9966"
"4","9975"
"4","9976"
"4","9977"
"4","9980"
"4","9984"
"4","9988"
"4","9990"
"4","10004"
"4","10005"
"4","10006"
"4","10007"
"4","10008"
"5","20"
"5","34"
"5","35"
"5","43"
"5","57"
"5","76"
"5","77"
"5","83"
"5","105"
"5","106"
"5","118"
"5","155"
"5","159"
"5","161"
"5","164"
"5","185"
"5","220"
"5","240"
"5","247"
"5","251"
"5","262"
"5","276"
"5","278"
"5","289"
"5","299"
"5","307"
"5","314"
"5","319"
"5","334"
"5","374"
"5","378"
"5","437"
"5","454"
"5","477"
"5","508"
"5","543"
"5","559"
"5","592"
"5","628"
"5","654"
"5","704"
"5","726"
"5","729"
"5","743"
"5","762"
"5","795"
"5","799"
"5","828"
"5","842"
"5","845"
"5","852"
"5","854"
"5","867"
"5","871"
"5","884"
"5","887"
"5","912"
"5","944"
"5","950"
"5","957"
"5","991"
"5","1000"
"5","1021"
"5","1031"
"5","1061"
"5","1075"
"5","1103"
"5","1111"
"5","1125"
"5","1138"
"5","1157"
"5","1182"
"5","1185"
"5","1194"
"5","1220"
"5","1221"
"5","1236"
"5","1363"
"5","1364"
"5","1391"
"5","1405"
"5","1414"
"5","1416"
"5","1417"
"5","1422"
"5","1445"
"5","1463"
"5","1483"
"5","1493"
"5","1513"
"5","1520"
"5","1536"
"5","1579"
"5","1595"
"5","1596"
"5","1662"
"5","1669"
"5","1705"
"5","1708"
"5","1740"
"5","1741"
"5","1761"
"5","1767"
"5","1768"
"5","1785"
"5","1792"
"5","1794"
"5","1797"
"5","1820"
"5","1846"
"5","1852"
"5","1853"
"5","1879"
"5","1889"
"5","1895"
"5","1938"
"5","1973"
"5","1979"
"5","1988"
"5","2005"
"5","2016"
"5","2017"
"5","2076"
"5","2078"
"5","2089"
"5","2097"
"5","2157"
"5","2166"
"5","2174"
"5","2195"
"5","2220"
"5","2225"
"5","2296"
"5","2315"
"5","2322"
"5","2375"
"5","2502"
"5","2525"
"5","2578"
"5","2638"
"5","2656"
"5","2667"
"5","2669"
"5","2699"
"5","2721"
"5","2826"
"5","2836"
"5","2870"
"5","2881"
"5","2893"
"5","2923"
"5","2929"
"5","2936"
"5","2949"
"5","2968"
"5","3001"
"5","3011"
"5","3033"
"5","3046"
"5","3064"
"5","3148"
"5","3165"
"5","3197"
"5","3203"
"5","3225"
"5","3239"
"5","3248"
"5","3262"
"5","3289"
"5","3302"
"5","3319"
"5","3417"
"5","3452"
"5","3460"
"5","3467"
"5","3521"
"5","3568"
"5","3577"
"5","3585"
"5","3586"
"5","3595"
"5","3610"
"5","3612"
"5","3682"
"5","3711"
"5","3720"
"5","3831"
"5","3858"
"5","3886"
"5","3933"
"5","3959"
"5","3966"
"5","3972"
"5","3989"
"5","4052"
"5","4103"
"5","4107"
"5","4111"
"5","4231"
"5","4304"
"5","4385"
"5","4387"
"5","4413"
"5","4441"
"5","4447"
"5","4490"
"5","4603"
"5","4625"
"5","4656"
"5","4671"
"5","4717"
"5","4747"
"5","4782"
"5","4815"
"5","4876"
"5","4936"
"5","5012"
"5","5019"
"5","5059"
"5","5096"
"5","5156"
"5","5239"
"5","5328"
"5","5347"
"5","5402"
"5","5406"
"5","5439"
"5","5443"
"5","5468"
"5","5483"
"5","5546"
"5","5558"
"5","5569"
"5","5582"
"5","5613"
"5","5620"
"5","5627"
"5","5646"
"5","5808"
"5","5826"
"5","5867"
"5","5868"
"5","5903"
"5","6061"
"5","6073"
"5","6109"
"5","6115"
"5","6131"
"5","6157"
"5","6188"
"5","6199"
"5","6228"
"5","6245"
"5","6252"
"5","6263"
"5","6299"
"5","6314"
"5","6350"
"5","6357"
"5","6393"
"5","6408"
"5","6427"
"5","6429"
"5","6432"
"5","6439"
"5","6440"
"5","6441"
"5","6446"
"5","6447"
"5","6542"
"5","6577"
"5","6594"
"5","6680"
"5","6694"
"5","6710"
"5","6721"
"5","6737"
"5","6739"
"5","6743"
"5","6745"
"5","6819"
"5","6865"
"5","6936"
"5","7119"
"5","7247"
"5","7330"
"5","7332"
"5","7630"
"5","7662"
"5","7886"
"5","7934"
"5","7956"
"5","8067"
"5","8230"
"5","8342"
"5","8494"
"5","8610"
"5","8720"
"5","8721"
"5","8812"
"5","8813"
"5","8814"
"5","8820"
"5","9000"
"5","9019"
"5","9054"
"5","9121"
"5","9132"
"5","9168"
"5","9701"
"5","9702"
"5","9703"
"5","9704"
"5","9705"
"5","9706"
"5","9707"
"5","9708"
"5","9709"
"5","9710"
"5","9711"
"5","9712"
"5","9713"
"5","9714"
"5","9715"
"5","9716"
"5","9717"
"5","9718"
"5","9719"
"5","9720"
"5","9721"
"5","9722"
"5","9723"
"5","9724"
"5","9725"
"5","9726"
"5","9727"
"5","9728"
"5","9729"
"5","9730"
"5","9731"
"5","9732"
"5","9733"
"5","10010"
"5","10011"
"6","1"
"6","3"
"6","4"
"6","11"
"6","14"
"6","15"
"6","19"
"6","21"
"6","23"
"6","39"
"6","49"
"6","56"
"6","75"
"6","78"
"6","87"
"6","90"
"6","98"
"6","101"
"6","109"
"6","110"
"6","120"
"6","123"
"6","131"
"6","132"
"6","133"
"6","146"
"6","147"
"6","151"
"6","152"
"6","154"
"6","167"
"6","176"
"6","184"
"6","187"
"6","197"
"6","204"
"6","205"
"6","212"
"6","213"
"6","215"
"6","218"
"6","225"
"6","228"
"6","230"
"6","238"
"6","241"
"6","246"
"6","252"
"6","253"
"6","258"
"6","272"
"6","282"
"6","288"
"6","300"
"6","310"
"6","312"
"6","316"
"6","320"
"6","321"
"6","327"
"6","332"
"6","336"
"6","338"
"6","340"
"6","352"
"6","358"
"6","364"
"6","384"
"6","385"
"6","404"
"6","408"
"6","411"
"6","413"
"6","414"
"6","415"
"6","419"
"6","421"
"6","422"
"6","430"
"6","444"
"6","451"
"6","457"
"6","466"
"6","472"
"6","473"
"6","475"
"6","478"
"6","482"
"6","483"
"6","490"
"6","493"
"6","499"
"6","502"
"6","504"
"6","517"
"6","521"
"6","529"
"6","531"
"6","534"
"6","540"
"6","548"
"6","552"
"6","553"
"6","555"
"6","557"
"6","576"
"6","587"
"6","595"
"6","598"
"6","606"
"6","609"
"6","620"
"6","642"
"6","657"
"6","662"
"6","664"
"6","668"
"6","674"
"6","681"
"6","685"
"6","686"
"6","702"
"6","712"
"6","715"
"6","718"
"6","720"
"6","723"
"6","728"
"6","730"
"6","731"
"6","741"
"6","757"
"6","759"
"6","769"
"6","783"
"6","796"
"6","803"
"6","807"
"6","821"
"6","847"
"6","853"
"6","870"
"6","893"
"6","908"
"6","923"
"6","928"
"6","954"
"6","959"
"6","975"
"6","979"
"6","980"
"6","987"
"6","996"
"6","1005"
"6","1039"
"6","1042"
"6","1058"
"6","1066"
"6","1067"
"6","1069"
"6","1078"
"6","1082"
"6","1090"
"6","1095"
"6","1096"
"6","1097"
"6","1099"
"6","1105"
"6","1108"
"6","1109"
"6","1114"
"6","1120"
"6","1130"
"6","1134"
"6","1136"
"6","1145"
"6","1161"
"6","1167"
"6","1171"
"6","1175"
"6","1188"
"6","1192"
"6","1199"
"6","1200"
"6","1204"
"6","1207"
"6","1226"
"6","1229"
"6","1233"
"6","1239"
"6","1244"
"6","1246"
"6","1257"
"6","1259"
"6","1274"
"6","1275"
"6","1281"
"6","1286"
"6","1289"
"6","1294"
"6","1304"
"6","1312"
"6","1316"
"6","1320"
"6","1335"
"6","1338"
"6","1342"
"6","1344"
"6","1351"
"6","1357"
"6","1368"
"6","1374"
"6","1404"
"6","1407"
"6","1413"
"6","1429"
"6","1431"
"6","1459"
"6","1460"
"6","1481"
"6","1484"
"6","1504"
"6","1514"
"6","1516"
"6","1517"
"6","1540"
"6","1547"
"6","1553"
"6","1555"
"6","1556"
"6","1559"
"6","1563"
"6","1577"
"6","1584"
"6","1585"
"6","1598"
"6","1600"
"6","1606"
"6","1607"
"6","1621"
"6","1622"
"6","1623"
"6","1626"
"6","1651"
"6","1655"
"6","1679"
"6","1681"
"6","1696"
"6","1704"
"6","1709"
"6","1711"
"6","1718"
"6","1723"
"6","1724"
"6","1728"
"6","1732"
"6","1747"
"6","1777"
"6","1778"
"6","1781"
"6","1784"
"6","1806"
"6","1809"
"6","1812"
"6","1828"
"6","1830"
"6","1842"
"6","1845"
"6","1850"
"6","1856"
"6","1862"
"6","1863"
"6","1865"
"6","1867"
"6","1882"
"6","1925"
"6","1932"
"6","1934"
"6","1963"
"6","1990"
"6","2021"
"6","2034"
"6","2036"
"6","2048"
"6","2050"
"6","2051"
"6","2065"
"6","2095"
"6","2110"
"6","2119"
"6","2124"
"6","2143"
"6","2152"
"6","2155"
"6","2180"
"6","2197"
"6","2266"
"6","2280"
"6","2300"
"6","2303"
"6","2306"
"6","2307"
"6","2324"
"6","2342"
"6","2347"
"6","2350"
"6","2364"
"6","2370"
"6","2378"
"6","2384"
"6","2388"
"6","2392"
"6","2397"
"6","2405"
"6","2414"
"6","2420"
"6","2440"
"6","2441"
"6","2447"
"6","2448"
"6","2449"
"6","2459"
"6","2476"
"6","2485"
"6","2490"
"6","2493"
"6","2494"
"6","2497"
"6","2531"
"6","2536"
"6","2549"
"6","2569"
"6","2577"
"6","2619"
"6","2645"
"6","2655"
"6","2682"
"6","2687"
"6","2712"
"6","2714"
"6","2722"
"6","2726"
"6","2730"
"6","2732"
"6","2735"
"6","2741"
"6","2751"
"6","2759"
"6","2772"
"6","2774"
"6","2779"
"6","2801"
"6","2831"
"6","2842"
"6","2852"
"6","2889"
"6","2892"
"6","2898"
"6","2901"
"6","2909"
"6","2911"
"6","2932"
"6","2941"
"6","2948"
"6","2954"
"6","2965"
"6","2982"
"6","3007"
"6","3020"
"6","3023"
"6","3024"
"6","3037"
"6","3040"
"6","3052"
"6","3073"
"6","3079"
"6","3102"
"6","3112"
"6","3137"
"6","3172"
"6","3185"
"6","3199"
"6","3201"
"6","3228"
"6","3233"
"6","3260"
"6","3291"
"6","3306"
"6","3309"
"6","3326"
"6","3353"
"6","3367"
"6","3385"
"6","3441"
"6","3456"
"6","3473"
"6","3526"
"6","3584"
"6","3618"
"6","3620"
"6","3631"
"6","3647"
"6","3651"
"6","3661"
"6","3674"
"6","3695"
"6","3703"
"6","3705"
"6","3707"
"6","3713"
"6","3722"
"6","3724"
"6","3741"
"6","3760"
"6","3766"
"6","3777"
"6","3784"
"6","3867"
"6","3879"
"6","3885"
"6","3896"
"6","3905"
"6","3940"
"6","3955"
"6","3964"
"6","3995"
"6","4036"
"6","4059"
"6","4074"
"6","4076"
"6","4083"
"6","4120"
"6","4129"
"6","4130"
"6","4141"
"6","4147"
"6","4148"
"6","4202"
"6","4208"
"6","4224"
"6","4225"
"6","4226"
"6","4252"
"6","4262"
"6","4277"
"6","4285"
"6","4296"
"6","4300"
"6","4333"
"6","4341"
"6","4342"
"6","4358"
"6","4391"
"6","4419"
"6","4432"
"6","4444"
"6","4464"
"6","4468"
"6","4469"
"6","4473"
"6","4528"
"6","4546"
"6","4568"
"6","4575"
"6","4595"
"6","4618"
"6","4651"
"6","4707"
"6","4721"
"6","4729"
"6","4754"
"6","4755"
"6","4771"
"6","4779"
"6","4824"
"6","4855"
"6","4865"
"6","4889"
"6","4892"
"6","4926"
"6","4938"
"6","4956"
"6","4959"
"6","4989"
"6","5005"
"6","5106"
"6","5151"
"6","5157"
"6","5192"
"6","5200"
"6","5217"
"6","5232"
"6","5254"
"6","5258"
"6","5270"
"6","5281"
"6","5295"
"6","5302"
"6","5305"
"6","5317"
"6","5354"
"6","5395"
"6","5396"
"6","5447"
"6","5488"
"6","5490"
"6","5512"
"6","5524"
"6","5536"
"6","5542"
"6","5543"
"6","5548"
"6","5549"
"6","5554"
"6","5608"
"6","5619"
"6","5634"
"6","5683"
"6","5688"
"6","5756"
"6","5757"
"6","5833"
"6","5869"
"6","5877"
"6","5890"
"6","5904"
"6","5931"
"6","5964"
"6","5970"
"6","5983"
"6","6026"
"6","6030"
"6","6035"
"6","6084"
"6","6187"
"6","6200"
"6","6227"
"6","6232"
"6","6233"
"6","6235"
"6","6238"
"6","6249"
"6","6262"
"6","6279"
"6","6285"
"6","6424"
"6","6451"
"6","6490"
"6","6500"
"6","6534"
"6","6551"
"6","6571"
"6","6601"
"6","6644"
"6","6656"
"6","6670"
"6","6671"
"6","6675"
"6","6697"
"6","6723"
"6","6747"
"6","6766"
"6","6977"
"6","7000"
"6","7067"
"6","7097"
"6","7144"
"6","7236"
"6","7246"
"6","7259"
"6","7281"
"6","7291"
"6","7317"
"6","7383"
"6","7402"
"6","7452"
"6","7458"
"6","7463"
"6","7516"
"6","7570"
"6","7574"
"6","7583"
"6","7592"
"6","7638"
"6","7640"
"6","7669"
"6","7671"
"6","7683"
"6","7689"
"6","7710"
"6","7804"
"6","7811"
"6","7825"
"6","7842"
"6","7868"
"6","7910"
"6","7911"
"6","7935"
"6","7938"
"6","7941"
"6","7969"
"6","7975"
"6","8016"
"6","8027"
"6","8028"
"6","8066"
"6","8096"
"6","8108"
"6","8112"
"6","8178"
"6","8253"
"6","8259"
"6","8267"
"6","8269"
"6","8282"
"6","8291"
"6","8333"
"6","8341"
"6","8377"
"6","8386"
"6","8459"
"6","8485"
"6","8497"
"6","8570"
"6","8612"
"6","8619"
"6","8678"
"6","8723"
"6","8840"
"6","8853"
"6","8947"
"6","8954"
"6","8973"
"6","9030"
"6","9048"
"6","9053"
"6","9059"
"6","9062"
"6","9120"
"6","9145"
"6","9179"
"6","9577"
"6","9578"
"6","9579"
"6","9580"
"6","9581"
"6","9582"
"6","9583"
"6","9584"
"6","9585"
"6","9586"
"6","9587"
"6","9588"
"6","9589"
"6","9590"
"6","9591"
"6","9592"
"6","9593"
"6","9594"
"6","9595"
"6","9596"
"6","9597"
"6","9598"
"6","9599"
"6","9600"
"6","9601"
"6","9602"
"6","9603"
"6","9604"
"6","9605"
"6","9606"
"6","9607"
"6","9608"
"6","9609"
"6","9610"
"6","9611"
"6","9612"
"6","9613"
"6","9614"
"6","9615"
"6","9616"
"6","9617"
"6","9618"
"6","9619"
"6","9620"
"6","9621"
"6","9622"
"6","9623"
"6","9624"
"6","9625"
"6","9626"
"6","9627"
"6","9628"
"6","9629"
"6","9630"
"6","9631"
"6","9632"
"6","9633"
"6","9634"
"6","9635"
"6","9636"
"6","9637"
"6","9638"
"6","9639"
"6","9640"
"6","9641"
"6","9642"
"6","9643"
"6","9644"
"6","9645"
"6","9646"
"6","9647"
"6","9936"
"6","9937"
"6","9938"
"6","9939"
"6","9940"
"6","9941"
"6","9943"
"6","9944"
"6","9946"
"6","9947"
"6","9948"
"6","9949"
"6","9950"
"6","9951"
"6","9952"
"6","9953"
"6","9954"
"6","9955"
"6","9956"
"6","9957"
"6","9959"
"6","9960"
"6","9962"
"6","9967"
"6","9968"
"6","9969"
"6","9970"
"6","9971"
"6","9972"
"6","9973"
"6","9974"
"6","9978"
"6","9979"
"6","9981"
"6","9982"
"6","9983"
"6","9985"
"6","9986"
"6","9987"
"6","9989"
"6","9991"
"6","9992"
"6","10015"
"6","10016"
"6","10017"
"6","10018"
"7","67"
"7","88"
"7","139"
"7","203"
"7","433"
"7","593"
"7","943"
"7","1056"
"7","1122"
"7","1612"
"7","1677"
"7","1716"
"7","2233"
"7","2853"
"7","2886"
"7","2935"
"7","3006"
"7","3071"
"7","4379"
"7","5431"
"7","6047"
"7","6372"
"7","8206"
"7","9531"
"7","9551"
"7","9564"
"7","9565"
"7","9566"
"7","9576"
"8","8"
"8","12"
"8","30"
"8","55"
"8","68"
"8","69"
"8","107"
"8","157"
"8","196"
"8","198"
"8","290"
"8","303"
"8","317"
"8","341"
"8","491"
"8","495"
"8","523"
"8","558"
"8","572"
"8","608"
"8","625"
"8","793"
"8","812"
"8","830"
"8","836"
"8","840"
"8","843"
"8","878"
"8","891"
"8","935"
"8","1054"
"8","1068"
"8","1093"
"8","1106"
"8","1447"
"8","1455"
"8","1554"
"8","1578"
"8","1601"
"8","1773"
"8","1774"
"8","1802"
"8","1824"
"8","1835"
"8","1887"
"8","2020"
"8","2040"
"8","2115"
"8","2226"
"8","2237"
"8","2334"
"8","2374"
"8","2382"
"8","2473"
"8","2479"
"8","2522"
"8","2583"
"8","2595"
"8","2628"
"8","2775"
"8","2924"
"8","2956"
"8","3015"
"8","3017"
"8","3036"
"8","3119"
"8","3208"
"8","3210"
"8","3377"
"8","3424"
"8","3434"
"8","3495"
"8","3575"
"8","3576"
"8","3636"
"8","3757"
"8","3776"
"8","3919"
"8","4364"
"8","4382"
"8","4591"
"8","4617"
"8","4665"
"8","4784"
"8","5334"
"8","5465"
"8","5538"
"8","5615"
"8","5702"
"8","5817"
"8","6208"
"8","6293"
"8","6320"
"8","6709"
"8","6786"
"8","6859"
"8","6957"
"8","6978"
"8","7018"
"8","7288"
"8","7454"
"8","7626"
"8","7676"
"8","8242"
"8","8988"
"8","9887"
"8","9888"
"8","9889"
"8","9890"
"8","9891"
"8","9892"
"8","9893"
"8","9894"
"8","9895"
"8","9896"
"8","9897"
"8","9898"
"8","9899"
"8","9900"
"8","9901"
"8","9902"
"8","9903"
"8","9904"
"8","9905"
"8","9906"
"8","9907"
"8","9908"
"8","9909"
"8","9910"
"8","9911"
"8","9912"
"8","9913"
"8","9914"
"8","9915"
"8","9916"
"8","9917"
"8","9918"
"8","9919"
"8","9920"
"8","9921"
"8","9922"
"8","9923"
"8","9924"
"8","9925"
"8","9926"
"8","9927"
"8","9928"
"8","9929"
"8","9930"
"8","9931"
"8","9932"
"8","9933"
"8","9934"
"8","9935"
"8","10012"
"8","10013"
"8","10014"
"9","55"
"9","69"
"9","891"
"9","1447"
"9","3119"
"10","107"
"10","491"
"10","793"
"10","830"
"10","1601"
"10","2237"
"10","2473"
"10","3036"
"10","3208"
"10","3377"
"10","3919"
"10","4382"
"10","8988"
"11","55"
"11","3119"
"11","3636"
"12","55"
"12","198"
"12","290"
"12","495"
"12","608"
"12","812"
"12","836"
"12","840"
"12","843"
"12","1054"
"12","1093"
"12","1578"
"12","1773"
"12","1824"
"12","2334"
"12","3495"
"12","3575"
"12","3576"
"12","3636"
"12","4364"
"12","5465"
"12","6859"
"12","6957"
"13","68"
"13","625"
"13","1455"
"13","1554"
"13","1774"
"13","1802"
"13","1835"
"13","2020"
"13","2115"
"13","2522"
"13","2595"
"13","3015"
"13","3017"
"13","3776"
"13","4665"
"13","5334"
"13","5817"
"13","6208"
"13","6293"
"13","6320"
"13","6709"
"13","7018"
"13","9893"
"13","9894"
"13","9895"
"13","9896"
"13","10012"
"13","10013"
"14","8"
"14","12"
"14","157"
"14","196"
"14","198"
"14","290"
"14","317"
"14","558"
"14","572"
"14","836"
"14","878"
"14","1054"
"14","1068"
"14","1106"
"14","1455"
"14","1773"
"14","2334"
"14","2374"
"14","2775"
"14","2924"
"14","3757"
"14","4617"
"14","4784"
"14","5465"
"14","5538"
"14","5615"
"14","6208"
"14","6293"
"14","6957"
"14","6978"
"14","7288"
"14","8242"
"14","9891"
"14","9897"
"15","12"
"15","572"
"15","608"
"15","836"
"15","4364"
"15","4784"
"15","6957"
"15","8242"
"16","30"
"16","69"
"16","891"
"16","2226"
"16","2628"
"16","3424"
"16","4591"
"16","6786"
"16","7454"
"16","7626"
"16","7676"
"16","9898"
"17","198"
"17","303"
"17","812"
"17","1887"
"17","2522"
"17","6293"
"17","10014"
"18","341"
"18","836"
"18","840"
"18","1824"
"18","3434"
"18","3495"
"18","4364"
"19","523"
"19","2040"
"19","2583"
"19","3210"
"20","625"
"20","2956"
"20","6293"
"20","7018"
"21","303"
"21","1887"
"21","2040"
"21","2382"
"21","2479"
"22","107"
"22","491"
"22","523"
"22","935"
"22","2583"
"22","4382"
"22","5702"
"23","836"
"23","3575"
"23","4364"
"23","6957"
"24","14"
"24","39"
"24","78"
"24","87"
"24","120"
"24","154"
"24","176"
"24","187"
"24","218"
"24","225"
"24","228"
"24","241"
"24","253"
"24","312"
"24","320"
"24","336"
"24","340"
"24","385"
"24","419"
"24","421"
"24","457"
"24","466"
"24","472"
"24","475"
"24","478"
"24","483"
"24","493"
"24","517"
"24","552"
"24","553"
"24","576"
"24","587"
"24","664"
"24","668"
"24","674"
"24","712"
"24","715"
"24","723"
"24","728"
"24","730"
"24","731"
"24","741"
"24","759"
"24","769"
"24","796"
"24","853"
"24","893"
"24","908"
"24","959"
"24","975"
"24","979"
"24","980"
"24","987"
"24","1042"
"24","1099"
"24","1105"
"24","1108"
"24","1120"
"24","1134"
"24","1167"
"24","1188"
"24","1192"
"24","1226"
"24","1229"
"24","1233"
"24","1239"
"24","1246"
"24","1257"
"24","1259"
"24","1281"
"24","1286"
"24","1335"
"24","1338"
"24","1342"
"24","1368"
"24","1374"
"24","1404"
"24","1407"
"24","1460"
"24","1484"
"24","1516"
"24","1540"
"24","1547"
"24","1577"
"24","1600"
"24","1607"
"24","1709"
"24","1723"
"24","1728"
"24","1778"
"24","1842"
"24","1862"
"24","1865"
"24","1925"
"24","1973"
"24","2048"
"24","2050"
"24","2065"
"24","2110"
"24","2180"
"24","2303"
"24","2307"
"24","2405"
"24","2449"
"24","2494"
"24","2497"
"24","2531"
"24","2536"
"24","2569"
"24","2645"
"24","2682"
"24","2726"
"24","2751"
"24","2831"
"24","2842"
"24","2901"
"24","3023"
"24","3079"
"24","3172"
"24","3185"
"24","3201"
"24","3233"
"24","3309"
"24","3353"
"24","3367"
"24","3441"
"24","3526"
"24","3631"
"24","3703"
"24","3741"
"24","3760"
"24","3784"
"24","3896"
"24","3964"
"24","3995"
"24","4059"
"24","4147"
"24","4202"
"24","4208"
"24","4252"
"24","4285"
"24","4341"
"24","4358"
"24","4432"
"24","4444"
"24","4469"
"24","4528"
"24","4568"
"24","4575"
"24","4595"
"24","4707"
"24","4824"
"24","4938"
"24","5106"
"24","5151"
"24","5157"
"24","5217"
"24","5281"
"24","5295"
"24","5536"
"24","5543"
"24","5549"
"24","5608"
"24","5683"
"24","5757"
"24","5869"
"24","5877"
"24","5964"
"24","6035"
"24","6187"
"24","6232"
"24","6233"
"24","6235"
"24","6249"
"24","6262"
"24","6490"
"24","6644"
"24","7246"
"24","7291"
"24","7570"
"24","7574"
"24","7640"
"24","7683"
"24","7689"
"24","7804"
"24","7825"
"24","7868"
"24","7910"
"24","7911"
"24","7938"
"24","7969"
"24","8027"
"24","8066"
"24","8096"
"24","8253"
"24","8269"
"24","8282"
"24","8291"
"24","8333"
"24","8485"
"24","8497"
"24","8947"
"24","9053"
"24","9062"
"24","9145"
"24","9179"
"24","9598"
"24","9599"
"24","9600"
"24","9603"
"24","9604"
"24","9605"
"24","9606"
"24","9607"
"24","9609"
"24","9611"
"24","9612"
"24","9613"
"24","9614"
"24","9615"
"24","9616"
"24","9617"
"24","9620"
"24","9622"
"24","9624"
"24","9629"
"24","9630"
"24","9633"
"24","9634"
"24","10015"
"25","123"
"25","252"
"25","282"
"25","451"
"25","521"
"25","606"
"25","731"
"25","1097"
"25","1136"
"25","1192"
"25","1199"
"25","1200"
"25","1204"
"25","1275"
"25","1312"
"25","1459"
"25","1553"
"25","1555"
"25","1556"
"25","1806"
"25","1882"
"25","1963"
"25","1990"
"25","2065"
"25","2095"
"25","2152"
"25","2280"
"25","2397"
"25","2459"
"25","2619"
"25","2655"
"25","2732"
"25","2774"
"25","2889"
"25","2892"
"25","2948"
"25","3724"
"25","3885"
"25","4076"
"25","4148"
"25","4262"
"25","4277"
"25","4618"
"25","4956"
"25","5354"
"25","5554"
"25","6424"
"25","6534"
"25","6656"
"25","7000"
"25","7458"
"25","7570"
"25","7640"
"25","7689"
"25","8016"
"25","8386"
"25","8570"
"25","8612"
"25","8619"
"25","8723"
"25","8954"
"25","9579"
"25","9585"
"25","9635"
"26","4"
"26","15"
"26","23"
"26","56"
"26","131"
"26","132"
"26","133"
"26","215"
"26","252"
"26","282"
"26","321"
"26","521"
"26","1078"
"26","1161"
"26","1200"
"26","1239"
"26","1316"
"26","1679"
"26","1990"
"26","2095"
"26","2342"
"26","2347"
"26","2801"
"26","2889"
"26","2892"
"26","2982"
"26","3199"
"26","3473"
"26","3867"
"26","4224"
"26","4225"
"26","4226"
"26","4262"
"26","4391"
"26","5232"
"26","5512"
"26","6030"
"26","6262"
"26","7458"
"26","8853"
"26","9120"
"26","9581"
"26","9582"
"27","3"
"27","21"
"27","98"
"27","146"
"27","212"
"27","246"
"27","300"
"27","338"
"27","340"
"27","352"
"27","364"
"27","408"
"27","499"
"27","529"
"27","531"
"27","540"
"27","548"
"27","595"
"27","598"
"27","642"
"27","657"
"27","662"
"27","718"
"27","720"
"27","757"
"27","759"
"27","783"
"27","807"
"27","847"
"27","870"
"27","928"
"27","954"
"27","975"
"27","996"
"27","1067"
"27","1096"
"27","1130"
"27","1145"
"27","1171"
"27","1207"
"27","1294"
"27","1304"
"27","1413"
"27","1481"
"27","1504"
"27","1559"
"27","1651"
"27","1704"
"27","1718"
"27","1732"
"27","1747"
"27","1781"
"27","1830"
"27","1850"
"27","1867"
"27","1934"
"27","2021"
"27","2034"
"27","2124"
"27","2143"
"27","2266"
"27","2300"
"27","2307"
"27","2350"
"27","2364"
"27","2392"
"27","2485"
"27","2490"
"27","2493"
"27","2577"
"27","2712"
"27","2772"
"27","2779"
"27","2909"
"27","2911"
"27","2932"
"27","2954"
"27","2965"
"27","3020"
"27","3052"
"27","3073"
"27","3137"
"27","3201"
"27","3260"
"27","3661"
"27","3695"
"27","3713"
"27","3722"
"27","3896"
"27","3940"
"27","4036"
"27","4059"
"27","4074"
"27","4120"
"27","4129"
"27","4130"
"27","4342"
"27","4473"
"27","4755"
"27","4771"
"27","4855"
"27","4926"
"27","4989"
"27","5005"
"27","5192"
"27","5200"
"27","5258"
"27","5302"
"27","5305"
"27","5490"
"27","5548"
"27","5619"
"27","5634"
"27","5688"
"27","5756"
"27","5890"
"27","5904"
"27","6026"
"27","6084"
"27","6200"
"27","6227"
"27","6238"
"27","6285"
"27","6500"
"27","6601"
"27","6670"
"27","6675"
"27","6697"
"27","6723"
"27","6747"
"27","6977"
"27","7097"
"27","7259"
"27","7383"
"27","7402"
"27","7452"
"27","7463"
"27","7583"
"27","7669"
"27","7671"
"27","7842"
"27","7941"
"27","7975"
"27","8028"
"27","8108"
"27","8112"
"27","8178"
"27","8259"
"27","8267"
"27","8341"
"27","8570"
"27","8973"
"27","9030"
"27","9059"
"27","9636"
"27","9637"
"27","9639"
"27","9640"
"27","9642"
"27","9643"
"27","9644"
"27","9645"
"27","9646"
"28","1"
"28","14"
"28","75"
"28","78"
"28","87"
"28","90"
"28","101"
"28","109"
"28","110"
"28","147"
"28","151"
"28","152"
"28","167"
"28","184"
"28","197"
"28","204"
"28","205"
"28","213"
"28","228"
"28","238"
"28","253"
"28","258"
"28","310"
"28","316"
"28","327"
"28","332"
"28","384"
"28","404"
"28","411"
"28","422"
"28","444"
"28","482"
"28","490"
"28","502"
"28","504"
"28","552"
"28","555"
"28","609"
"28","620"
"28","642"
"28","702"
"28","723"
"28","728"
"28","803"
"28","853"
"28","1005"
"28","1058"
"28","1069"
"28","1082"
"28","1095"
"28","1120"
"28","1175"
"28","1274"
"28","1289"
"28","1316"
"28","1344"
"28","1357"
"28","1460"
"28","1514"
"28","1516"
"28","1517"
"28","1547"
"28","1598"
"28","1626"
"28","1679"
"28","1711"
"28","1724"
"28","1809"
"28","1812"
"28","1828"
"28","1845"
"28","1856"
"28","1863"
"28","1932"
"28","2036"
"28","2048"
"28","2051"
"28","2119"
"28","2197"
"28","2306"
"28","2324"
"28","2370"
"28","2378"
"28","2384"
"28","2388"
"28","2405"
"28","2420"
"28","2447"
"28","2497"
"28","2549"
"28","2687"
"28","2714"
"28","2722"
"28","2852"
"28","2898"
"28","2901"
"28","3007"
"28","3079"
"28","3112"
"28","3291"
"28","3306"
"28","3326"
"28","3385"
"28","3456"
"28","3651"
"28","3760"
"28","3867"
"28","3879"
"28","3955"
"28","4333"
"28","4468"
"28","4528"
"28","4546"
"28","4651"
"28","4721"
"28","4729"
"28","4754"
"28","4779"
"28","4865"
"28","5270"
"28","5317"
"28","5395"
"28","5396"
"28","5447"
"28","5833"
"28","5931"
"28","5970"
"28","5983"
"28","6035"
"28","6279"
"28","6551"
"28","6571"
"28","6671"
"28","7067"
"28","7317"
"28","7638"
"28","7811"
"28","7868"
"28","8459"
"28","8678"
"28","8840"
"28","9048"
"28","9120"
"28","9587"
"28","9588"
"28","9589"
"28","9590"
"28","9591"
"28","9592"
"28","9593"
"28","9594"
"28","9597"
"28","9598"
"28","9599"
"28","9600"
"28","9602"
"28","9604"
"28","10015"
"28","10016"
"28","10017"
"28","10018"
"29","11"
"29","19"
"29","49"
"29","230"
"29","288"
"29","358"
"29","413"
"29","415"
"29","473"
"29","557"
"29","681"
"29","685"
"29","686"
"29","1039"
"29","1109"
"29","1114"
"29","1429"
"29","1431"
"29","1563"
"29","1606"
"29","1621"
"29","1622"
"29","1623"
"29","1655"
"29","1681"
"29","1696"
"29","2730"
"29","2735"
"29","2741"
"29","2941"
"29","3102"
"29","3618"
"29","3674"
"29","3766"
"29","3777"
"29","3905"
"29","4076"
"29","4083"
"29","4296"
"29","4464"
"29","5254"
"29","5524"
"29","6766"
"29","7516"
"29","7592"
"29","9579"
"30","272"
"30","430"
"30","548"
"30","720"
"30","870"
"30","923"
"30","1066"
"30","1584"
"30","1585"
"30","1651"
"30","1696"
"30","1777"
"30","1784"
"30","2414"
"30","2476"
"30","2759"
"30","2909"
"30","2954"
"30","3024"
"30","3037"
"30","3040"
"30","3228"
"30","3584"
"30","3620"
"30","3647"
"30","3707"
"30","3777"
"30","3905"
"30","4083"
"30","4141"
"30","4300"
"30","4926"
"30","5254"
"30","5542"
"30","7236"
"30","9647"
"31","413"
"31","414"
"31","415"
"31","534"
"31","821"
"31","996"
"31","1039"
"31","1090"
"31","1097"
"31","1244"
"31","1320"
"31","1351"
"31","1429"
"31","1431"
"31","1681"
"31","2155"
"31","2440"
"31","2441"
"31","2448"
"31","2732"
"31","2909"
"31","3228"
"31","3705"
"31","3713"
"31","4083"
"31","4342"
"31","4419"
"31","4755"
"31","4889"
"31","4892"
"31","5488"
"31","5490"
"31","5548"
"31","6451"
"31","7144"
"31","7281"
"31","7710"
"31","7935"
"31","8377"
"31","8570"
"31","8973"
"32","16"
"32","70"
"32","102"
"32","145"
"32","175"
"32","226"
"32","297"
"32","308"
"32","379"
"32","1017"
"32","1019"
"32","1045"
"32","1051"
"32","1102"
"32","1202"
"32","1260"
"32","1301"
"32","1505"
"32","1551"
"32","1738"
"32","1949"
"32","1975"
"32","2077"
"32","2279"
"32","2331"
"32","2399"
"32","2581"
"32","3454"
"32","3494"
"32","3596"
"32","4031"
"32","4195"
"32","4301"
"32","5084"
"32","5301"
"32","5857"
"32","6178"
"32","6600"
"32","7063"
"32","9144"
"32","9171"
"32","9256"
"32","9739"
"32","9740"
"32","9741"
"32","9742"
"32","9743"
"32","9744"
"32","9745"
"32","9747"
"32","9748"
"32","9749"
"32","9750"
"32","9751"
"32","10026"
"33","7"
"33","102"
"33","145"
"33","214"
"33","329"
"33","339"
"33","343"
"33","344"
"33","355"
"33","380"
"33","391"
"33","395"
"33","541"
"33","545"
"33","556"
"33","565"
"33","582"
"33","584"
"33","590"
"33","672"
"33","679"
"33","733"
"33","745"
"33","764"
"33","771"
"33","785"
"33","900"
"33","911"
"33","947"
"33","951"
"33","1013"
"33","1019"
"33","1043"
"33","1051"
"33","1087"
"33","1169"
"33","1174"
"33","1254"
"33","1285"
"33","1292"
"33","1326"
"33","1392"
"33","1400"
"33","1427"
"33","1482"
"33","1510"
"33","1561"
"33","1570"
"33","1652"
"33","1727"
"33","1757"
"33","1905"
"33","1923"
"33","1967"
"33","1970"
"33","2006"
"33","2105"
"33","2198"
"33","2267"
"33","2444"
"33","2622"
"33","2684"
"33","3072"
"33","3354"
"33","3444"
"33","3468"
"33","3481"
"33","3648"
"33","3847"
"33","4070"
"33","4112"
"33","4183"
"33","4434"
"33","4456"
"33","4486"
"33","4494"
"33","4509"
"33","4531"
"33","4533"
"33","4567"
"33","4587"
"33","4600"
"33","4631"
"33","4693"
"33","5018"
"33","5218"
"33","5301"
"33","5352"
"33","5392"
"33","5523"
"33","5605"
"33","5699"
"33","5761"
"33","5886"
"33","6225"
"33","6311"
"33","6445"
"33","6499"
"33","6916"
"33","6944"
"33","7292"
"33","8031"
"33","8518"
"33","8735"
"33","9027"
"33","9090"
"33","9170"
"33","9211"
"33","9228"
"33","9752"
"33","9753"
"33","9754"
"33","9756"
"33","9757"
"33","9758"
"33","9759"
"33","9760"
"33","9761"
"33","9762"
"33","9763"
"33","9764"
"33","9765"
"33","9766"
"33","9767"
"33","9768"
"33","9769"
"33","9770"
"33","9771"
"33","9772"
"33","9776"
"33","9783"
"33","9784"
"33","9785"
"33","9786"
"33","9787"
"33","9788"
"33","9789"
"33","9790"
"33","9791"
"33","9792"
"33","9793"
"33","9794"
"33","9795"
"33","9796"
"33","9798"
"33","9799"
"33","9800"
"33","9801"
"33","9802"
"33","9803"
"33","9804"
"33","9805"
"33","9806"
"33","9807"
"33","9808"
"33","10023"
"33","10024"
"34","80"
"34","86"
"34","150"
"34","330"
"34","532"
"34","565"
"34","952"
"34","1043"
"34","1173"
"34","1240"
"34","1247"
"34","1347"
"34","1425"
"34","1609"
"34","1967"
"34","2268"
"34","2359"
"34","2850"
"34","2950"
"34","3113"
"34","3321"
"34","3325"
"34","3481"
"34","3590"
"34","3622"
"34","3863"
"34","4132"
"34","4135"
"34","4178"
"34","4437"
"34","4502"
"34","4510"
"34","4531"
"34","4567"
"34","4587"
"34","4706"
"34","4970"
"34","5142"
"34","5539"
"34","5685"
"34","5699"
"34","5821"
"34","6023"
"34","6213"
"34","6313"
"34","6499"
"34","6659"
"34","6678"
"34","6728"
"34","7242"
"34","7486"
"34","8011"
"34","8078"
"34","8446"
"34","8888"
"34","9772"
"34","9773"
"34","9774"
"34","9775"
"34","9778"
"34","9779"
"34","9780"
"34","9781"
"34","9810"
"34","9811"
"34","9812"
"34","9813"
"34","9814"
"34","9815"
"34","10025"
"35","38"
"35","231"
"35","250"
"35","260"
"35","372"
"35","382"
"35","507"
"35","535"
"35","562"
"35","564"
"35","571"
"35","573"
"35","602"
"35","749"
"35","785"
"35","1372"
"35","1627"
"35","1822"
"35","1966"
"35","2182"
"35","2297"
"35","2401"
"35","2620"
"35","2736"
"35","3010"
"35","3219"
"35","3392"
"35","3773"
"35","3860"
"35","4032"
"35","4082"
"35","4190"
"35","4192"
"35","4301"
"35","4966"
"35","4980"
"35","5186"
"35","5659"
"35","5791"
"35","6259"
"35","6916"
"35","7027"
"35","7269"
"35","7668"
"35","8025"
"35","8674"
"35","8795"
"35","9064"
"35","9738"
"35","10020"
"36","45"
"36","169"
"36","193"
"36","280"
"36","283"
"36","370"
"36","515"
"36","550"
"36","562"
"36","580"
"36","687"
"36","747"
"36","751"
"36","1237"
"36","1345"
"36","1485"
"36","1550"
"36","1659"
"36","1907"
"36","2608"
"36","2905"
"36","3051"
"36","3315"
"36","3392"
"36","3859"
"36","4186"
"36","4264"
"36","4640"
"36","4692"
"36","6732"
"36","7134"
"36","7197"
"36","7319"
"36","7415"
"36","8025"
"36","8674"
"37","38"
"37","97"
"37","256"
"37","363"
"37","436"
"37","594"
"37","1315"
"37","1365"
"37","1511"
"37","1545"
"37","1750"
"37","1755"
"37","1763"
"37","1779"
"37","1966"
"37","2064"
"37","2094"
"37","2108"
"37","2242"
"37","2537"
"37","2620"
"37","2972"
"37","3238"
"37","3479"
"37","3597"
"37","3782"
"37","4082"
"37","4377"
"37","4695"
"37","5597"
"37","6127"
"37","6147"
"37","6352"
"37","7274"
"37","8187"
"37","8257"
"37","8726"
"37","9153"
"37","9735"
"37","9736"
"37","9737"
"37","10019"
"37","10021"
"38","9"
"38","10"
"38","18"
"38","25"
"38","27"
"38","31"
"38","42"
"38","44"
"38","47"
"38","48"
"38","51"
"38","52"
"38","53"
"38","54"
"38","58"
"38","60"
"38","61"
"38","62"
"38","63"
"38","71"
"38","72"
"38","81"
"38","84"
"38","89"
"38","93"
"38","96"
"38","99"
"38","103"
"38","104"
"38","111"
"38","117"
"38","124"
"38","127"
"38","135"
"38","138"
"38","160"
"38","170"
"38","171"
"38","173"
"38","179"
"38","183"
"38","189"
"38","190"
"38","192"
"38","199"
"38","207"
"38","209"
"38","216"
"38","222"
"38","223"
"38","224"
"38","229"
"38","233"
"38","239"
"38","243"
"38","244"
"38","255"
"38","257"
"38","259"
"38","261"
"38","265"
"38","266"
"38","268"
"38","269"
"38","275"
"38","281"
"38","287"
"38","302"
"38","305"
"38","309"
"38","315"
"38","318"
"38","328"
"38","335"
"38","348"
"38","361"
"38","365"
"38","366"
"38","369"
"38","375"
"38","377"
"38","383"
"38","392"
"38","396"
"38","397"
"38","400"
"38","402"
"38","410"
"38","418"
"38","427"
"38","428"
"38","429"
"38","434"
"38","438"
"38","439"
"38","443"
"38","447"
"38","448"
"38","453"
"38","455"
"38","462"
"38","469"
"38","470"
"38","476"
"38","481"
"38","486"
"38","487"
"38","488"
"38","494"
"38","496"
"38","498"
"38","509"
"38","513"
"38","514"
"38","520"
"38","525"
"38","528"
"38","530"
"38","538"
"38","544"
"38","561"
"38","577"
"38","578"
"38","591"
"38","596"
"38","603"
"38","605"
"38","612"
"38","615"
"38","616"
"38","629"
"38","632"
"38","634"
"38","640"
"38","641"
"38","648"
"38","650"
"38","651"
"38","652"
"38","658"
"38","660"
"38","666"
"38","671"
"38","680"
"38","688"
"38","689"
"38","690"
"38","692"
"38","693"
"38","695"
"38","699"
"38","700"
"38","706"
"38","708"
"38","727"
"38","734"
"38","736"
"38","737"
"38","744"
"38","753"
"38","754"
"38","770"
"38","772"
"38","773"
"38","777"
"38","778"
"38","784"
"38","786"
"38","787"
"38","788"
"38","797"
"38","800"
"38","801"
"38","804"
"38","805"
"38","829"
"38","831"
"38","833"
"38","837"
"38","839"
"38","849"
"38","855"
"38","856"
"38","857"
"38","858"
"38","863"
"38","869"
"38","875"
"38","879"
"38","882"
"38","894"
"38","895"
"38","901"
"38","902"
"38","903"
"38","904"
"38","905"
"38","907"
"38","926"
"38","932"
"38","933"
"38","934"
"38","937"
"38","938"
"38","948"
"38","949"
"38","958"
"38","960"
"38","978"
"38","988"
"38","989"
"38","998"
"38","1004"
"38","1014"
"38","1018"
"38","1020"
"38","1028"
"38","1032"
"38","1034"
"38","1035"
"38","1038"
"38","1070"
"38","1076"
"38","1080"
"38","1081"
"38","1086"
"38","1094"
"38","1135"
"38","1139"
"38","1141"
"38","1142"
"38","1144"
"38","1148"
"38","1149"
"38","1155"
"38","1158"
"38","1163"
"38","1176"
"38","1177"
"38","1197"
"38","1217"
"38","1218"
"38","1232"
"38","1241"
"38","1242"
"38","1248"
"38","1255"
"38","1256"
"38","1258"
"38","1270"
"38","1271"
"38","1272"
"38","1273"
"38","1276"
"38","1282"
"38","1283"
"38","1291"
"38","1298"
"38","1303"
"38","1321"
"38","1334"
"38","1349"
"38","1352"
"38","1367"
"38","1376"
"38","1378"
"38","1380"
"38","1388"
"38","1389"
"38","1393"
"38","1408"
"38","1443"
"38","1451"
"38","1465"
"38","1467"
"38","1480"
"38","1492"
"38","1494"
"38","1496"
"38","1507"
"38","1509"
"38","1518"
"38","1525"
"38","1546"
"38","1548"
"38","1571"
"38","1574"
"38","1580"
"38","1599"
"38","1602"
"38","1605"
"38","1608"
"38","1647"
"38","1657"
"38","1683"
"38","1686"
"38","1706"
"38","1707"
"38","1710"
"38","1715"
"38","1726"
"38","1745"
"38","1746"
"38","1754"
"38","1759"
"38","1819"
"38","1829"
"38","1833"
"38","1839"
"38","1851"
"38","1869"
"38","1874"
"38","1875"
"38","1897"
"38","1898"
"38","1901"
"38","1912"
"38","1919"
"38","1922"
"38","1928"
"38","1935"
"38","1948"
"38","1953"
"38","1956"
"38","1959"
"38","1960"
"38","1964"
"38","1993"
"38","1997"
"38","2001"
"38","2027"
"38","2037"
"38","2045"
"38","2056"
"38","2069"
"38","2071"
"38","2087"
"38","2112"
"38","2126"
"38","2130"
"38","2135"
"38","2145"
"38","2149"
"38","2154"
"38","2160"
"38","2179"
"38","2196"
"38","2205"
"38","2211"
"38","2212"
"38","2214"
"38","2216"
"38","2217"
"38","2221"
"38","2259"
"38","2276"
"38","2278"
"38","2281"
"38","2291"
"38","2293"
"38","2298"
"38","2305"
"38","2341"
"38","2365"
"38","2394"
"38","2395"
"38","2427"
"38","2456"
"38","2466"
"38","2470"
"38","2526"
"38","2538"
"38","2564"
"38","2582"
"38","2592"
"38","2597"
"38","2599"
"38","2609"
"38","2611"
"38","2612"
"38","2615"
"38","2617"
"38","2624"
"38","2630"
"38","2634"
"38","2637"
"38","2652"
"38","2689"
"38","2694"
"38","2695"
"38","2700"
"38","2752"
"38","2765"
"38","2768"
"38","2773"
"38","2783"
"38","2786"
"38","2794"
"38","2805"
"38","2814"
"38","2834"
"38","2885"
"38","2888"
"38","2900"
"38","2903"
"38","2920"
"38","2928"
"38","2961"
"38","2996"
"38","3000"
"38","3026"
"38","3030"
"38","3055"
"38","3082"
"38","3086"
"38","3091"
"38","3108"
"38","3111"
"38","3139"
"38","3143"
"38","3146"
"38","3178"
"38","3187"
"38","3190"
"38","3193"
"38","3232"
"38","3255"
"38","3266"
"38","3271"
"38","3277"
"38","3280"
"38","3298"
"38","3314"
"38","3339"
"38","3345"
"38","3348"
"38","3391"
"38","3403"
"38","3435"
"38","3438"
"38","3496"
"38","3519"
"38","3543"
"38","3544"
"38","3560"
"38","3598"
"38","3609"
"38","3646"
"38","3659"
"38","3662"
"38","3672"
"38","3690"
"38","3691"
"38","3807"
"38","3844"
"38","3881"
"38","3889"
"38","3927"
"38","3948"
"38","3957"
"38","3960"
"38","4000"
"38","4047"
"38","4090"
"38","4097"
"38","4151"
"38","4163"
"38","4206"
"38","4235"
"38","4243"
"38","4261"
"38","4363"
"38","4374"
"38","4409"
"38","4453"
"38","4455"
"38","4463"
"38","4488"
"38","4516"
"38","4518"
"38","4519"
"38","4525"
"38","4572"
"38","4602"
"38","4608"
"38","4616"
"38","4624"
"38","4635"
"38","4672"
"38","4686"
"38","4701"
"38","4710"
"38","4735"
"38","4746"
"38","4748"
"38","4759"
"38","4768"
"38","4862"
"38","4907"
"38","4909"
"38","4963"
"38","5029"
"38","5043"
"38","5047"
"38","5125"
"38","5154"
"38","5155"
"38","5248"
"38","5250"
"38","5251"
"38","5262"
"38","5265"
"38","5294"
"38","5375"
"38","5378"
"38","5401"
"38","5413"
"38","5464"
"38","5587"
"38","5626"
"38","5672"
"38","5674"
"38","5784"
"38","5803"
"38","6029"
"38","6146"
"38","6150"
"38","6156"
"38","6176"
"38","6185"
"38","6333"
"38","6389"
"38","6403"
"38","6541"
"38","6550"
"38","6561"
"38","6758"
"38","6814"
"38","6820"
"38","6824"
"38","6839"
"38","6929"
"38","6970"
"38","7082"
"38","7176"
"38","7184"
"38","7238"
"38","7267"
"38","7279"
"38","7449"
"38","7508"
"38","7613"
"38","7627"
"38","7654"
"38","7670"
"38","7690"
"38","7705"
"38","7721"
"38","7793"
"38","7812"
"38","8003"
"38","8029"
"38","8045"
"38","8062"
"38","8102"
"38","8107"
"38","8215"
"38","8224"
"38","8254"
"38","8344"
"38","8353"
"38","8455"
"38","8473"
"38","8483"
"38","8563"
"38","8566"
"38","8582"
"38","8606"
"38","8683"
"38","8697"
"38","8725"
"38","8838"
"38","8858"
"38","8892"
"38","9037"
"38","9149"
"38","9154"
"38","9222"
"38","9238"
"38","9270"
"38","9271"
"38","9272"
"38","9273"
"38","9274"
"38","9275"
"38","9276"
"38","9277"
"38","9278"
"38","9279"
"38","9280"
"38","9281"
"38","9282"
"38","9283"
"38","9284"
"38","9285"
"38","9286"
"38","9287"
"38","9288"
"38","9289"
"38","9290"
"38","9291"
"38","9292"
"38","9293"
"38","9294"
"38","9295"
"38","9296"
"38","9297"
"38","9298"
"38","9299"
"38","9300"
"38","9301"
"38","9302"
"38","9303"
"38","9304"
"38","9305"
"38","9306"
"38","9307"
"38","9308"
"38","9309"
"38","9310"
"38","9311"
"38","9312"
"38","9313"
"38","9314"
"38","9315"
"38","9316"
"38","9317"
"38","9318"
"38","9319"
"38","9320"
"38","9321"
"38","9322"
"38","9323"
"38","9324"
"38","9325"
"38","9326"
"38","9327"
"38","9328"
"38","9329"
"38","9330"
"38","9331"
"38","9332"
"38","9333"
"38","9334"
"38","9335"
"38","9336"
"38","9337"
"38","9338"
"38","9339"
"38","9340"
"38","9341"
"38","9342"
"38","9343"
"38","9344"
"38","9345"
"38","9346"
"38","9347"
"38","9348"
"38","9349"
"38","9350"
"38","9351"
"38","9352"
"38","9353"
"38","9354"
"38","9355"
"38","9356"
"38","9357"
"38","9358"
"38","9359"
"38","9360"
"38","9361"
"38","9362"
"38","9363"
"38","9364"
"38","9365"
"38","9366"
"38","9367"
"38","9368"
"38","9369"
"38","9370"
"38","9371"
"38","9372"
"38","9373"
"38","9374"
"38","9375"
"38","9376"
"38","9377"
"38","9378"
"38","9379"
"38","9380"
"38","9381"
"38","9382"
"38","9383"
"38","9384"
"38","9385"
"38","9386"
"38","9387"
"38","9388"
"38","9389"
"38","9390"
"38","9391"
"38","9392"
"38","9393"
"38","9394"
"38","9395"
"38","9396"
"38","9397"
"38","9398"
"38","9399"
"38","9400"
"38","9401"
"38","9402"
"38","9403"
"38","9404"
"38","9405"
"38","9406"
"38","9407"
"38","9408"
"38","9409"
"38","9410"
"38","9411"
"38","9412"
"38","9413"
"38","9414"
"38","9415"
"38","9416"
"38","9417"
"38","9418"
"38","9419"
"38","9420"
"38","9421"
"38","9422"
"38","9423"
"38","9424"
"38","9425"
"38","9426"
"38","9427"
"38","9428"
"38","9429"
"38","9430"
"38","9431"
"38","9432"
"38","9433"
"38","9434"
"38","9435"
"38","9436"
"38","9437"
"38","9438"
"38","9439"
"38","9440"
"38","9441"
"38","9442"
"38","9443"
"38","9444"
"38","9445"
"38","9446"
"38","9447"
"38","9448"
"38","9449"
"38","9450"
"38","9451"
"38","9452"
"38","9453"
"38","9454"
"38","9455"
"38","9456"
"38","9457"
"38","9458"
"38","9459"
"38","9460"
"38","9461"
"38","9462"
"38","9463"
"38","9464"
"38","9465"
"38","9466"
"38","9467"
"38","9468"
"38","9469"
"38","9470"
"38","9471"
"38","9472"
"38","9473"
"38","9474"
"38","9475"
"38","9476"
"38","9477"
"38","9478"
"38","9479"
"38","9480"
"38","9481"
"38","9482"
"38","9483"
"38","9484"
"38","9485"
"38","9486"
"38","9487"
"38","9488"
"38","9489"
"38","9490"
"38","9491"
"38","9492"
"38","9493"
"38","9494"
"38","9495"
"38","9496"
"38","9497"
"38","9498"
"38","9499"
"38","9500"
"38","9501"
"38","9502"
"38","9503"
"38","9504"
"38","9505"
"38","9506"
"38","9507"
"38","9508"
"38","9509"
"38","9510"
"38","9511"
"38","9512"
"38","9513"
"38","9514"
"38","9515"
"38","9516"
"38","9517"
"38","9518"
"38","9519"
"38","9520"
"38","9521"
"38","9522"
"38","9523"
"38","9524"
"38","9525"
"38","9526"
"38","9527"
"38","9528"
"38","9529"
"38","9530"
"38","9532"
"38","9533"
"38","9534"
"38","9535"
"38","9536"
"38","9537"
"38","9538"
"38","9539"
"38","9540"
"38","9541"
"38","9542"
"38","9543"
"38","9544"
"38","9545"
"38","9546"
"38","9547"
"38","9548"
"38","9549"
"38","9550"
"38","9552"
"38","9553"
"38","9554"
"38","9555"
"38","9556"
"38","9557"
"38","9558"
"38","9559"
"38","9560"
"38","9561"
"38","9562"
"38","9563"
"38","9567"
"38","9568"
"38","9569"
"38","9570"
"38","9571"
"38","9572"
"38","9573"
"38","9574"
"38","9575"
"38","10009"
"38","72946"
"39","20"
"39","34"
"39","35"
"39","43"
"39","57"
"39","76"
"39","77"
"39","83"
"39","105"
"39","106"
"39","118"
"39","155"
"39","159"
"39","161"
"39","164"
"39","185"
"39","220"
"39","240"
"39","247"
"39","251"
"39","262"
"39","276"
"39","278"
"39","289"
"39","299"
"39","307"
"39","314"
"39","319"
"39","334"
"39","374"
"39","378"
"39","437"
"39","454"
"39","477"
"39","508"
"39","543"
"39","559"
"39","592"
"39","628"
"39","654"
"39","704"
"39","726"
"39","729"
"39","743"
"39","762"
"39","795"
"39","799"
"39","828"
"39","842"
"39","845"
"39","852"
"39","854"
"39","867"
"39","871"
"39","884"
"39","887"
"39","912"
"39","944"
"39","950"
"39","957"
"39","991"
"39","1000"
"39","1021"
"39","1031"
"39","1061"
"39","1075"
"39","1103"
"39","1111"
"39","1125"
"39","1138"
"39","1157"
"39","1182"
"39","1185"
"39","1194"
"39","1220"
"39","1221"
"39","1236"
"39","1363"
"39","1364"
"39","1391"
"39","1405"
"39","1414"
"39","1416"
"39","1417"
"39","1422"
"39","1445"
"39","1463"
"39","1483"
"39","1493"
"39","1513"
"39","1520"
"39","1536"
"39","1579"
"39","1595"
"39","1596"
"39","1662"
"39","1669"
"39","1705"
"39","1708"
"39","1740"
"39","1741"
"39","1761"
"39","1767"
"39","1768"
"39","1785"
"39","1792"
"39","1794"
"39","1797"
"39","1820"
"39","1846"
"39","1852"
"39","1853"
"39","1879"
"39","1889"
"39","1895"
"39","1938"
"39","1973"
"39","1979"
"39","1988"
"39","2005"
"39","2016"
"39","2017"
"39","2076"
"39","2078"
"39","2089"
"39","2097"
"39","2157"
"39","2166"
"39","2174"
"39","2195"
"39","2220"
"39","2225"
"39","2296"
"39","2315"
"39","2322"
"39","2375"
"39","2502"
"39","2525"
"39","2578"
"39","2638"
"39","2656"
"39","2667"
"39","2669"
"39","2699"
"39","2721"
"39","2826"
"39","2836"
"39","2870"
"39","2881"
"39","2893"
"39","2923"
"39","2929"
"39","2936"
"39","2949"
"39","2968"
"39","3001"
"39","3011"
"39","3033"
"39","3046"
"39","3064"
"39","3148"
"39","3165"
"39","3197"
"39","3203"
"39","3225"
"39","3239"
"39","3248"
"39","3262"
"39","3289"
"39","3302"
"39","3319"
"39","3417"
"39","3452"
"39","3460"
"39","3467"
"39","3521"
"39","3568"
"39","3577"
"39","3585"
"39","3586"
"39","3595"
"39","3610"
"39","3612"
"39","3682"
"39","3711"
"39","3720"
"39","3831"
"39","3858"
"39","3886"
"39","3933"
"39","3959"
"39","3966"
"39","3972"
"39","3989"
"39","4052"
"39","4103"
"39","4107"
"39","4111"
"39","4231"
"39","4304"
"39","4385"
"39","4387"
"39","4413"
"39","4441"
"39","4447"
"39","4490"
"39","4603"
"39","4625"
"39","4656"
"39","4671"
"39","4717"
"39","4747"
"39","4782"
"39","4815"
"39","4876"
"39","4936"
"39","5012"
"39","5019"
"39","5059"
"39","5096"
"39","5156"
"39","5239"
"39","5328"
"39","5347"
"39","5402"
"39","5406"
"39","5439"
"39","5443"
"39","5468"
"39","5483"
"39","5546"
"39","5558"
"39","5569"
"39","5582"
"39","5613"
"39","5620"
"39","5627"
"39","5646"
"39","5808"
"39","5826"
"39","5867"
"39","5868"
"39","5903"
"39","6061"
"39","6073"
"39","6109"
"39","6115"
"39","6131"
"39","6157"
"39","6188"
"39","6199"
"39","6228"
"39","6245"
"39","6252"
"39","6263"
"39","6299"
"39","6314"
"39","6350"
"39","6357"
"39","6393"
"39","6408"
"39","6427"
"39","6429"
"39","6432"
"39","6439"
"39","6440"
"39","6441"
"39","6446"
"39","6447"
"39","6542"
"39","6577"
"39","6594"
"39","6680"
"39","6694"
"39","6710"
"39","6721"
"39","6737"
"39","6739"
"39","6743"
"39","6745"
"39","6819"
"39","6865"
"39","6936"
"39","7119"
"39","7247"
"39","7330"
"39","7332"
"39","7630"
"39","7662"
"39","7886"
"39","7934"
"39","7956"
"39","8067"
"39","8230"
"39","8342"
"39","8494"
"39","8610"
"39","8720"
"39","8721"
"39","8812"
"39","8813"
"39","8814"
"39","8820"
"39","9000"
"39","9019"
"39","9054"
"39","9121"
"39","9132"
"39","9168"
"39","9701"
"39","9702"
"39","9703"
"39","9704"
"39","9705"
"39","9706"
"39","9707"
"39","9708"
"39","9709"
"39","9710"
"39","9711"
"39","9712"
"39","9713"
"39","9714"
"39","9715"
"39","9716"
"39","9717"
"39","9718"
"39","9719"
"39","9720"
"39","9721"
"39","9722"
"39","9723"
"39","9724"
"39","9725"
"39","9726"
"39","9727"
"39","9728"
"39","9729"
"39","9730"
"39","9731"
"39","9732"
"39","9733"
"39","10010"
"39","10011"
"43","7"
"43","16"
"43","38"
"43","45"
"43","70"
"43","80"
"43","86"
"43","97"
"43","102"
"43","145"
"43","169"
"43","175"
"43","193"
"43","214"
"43","226"
"43","231"
"43","250"
"43","256"
"43","260"
"43","280"
"43","283"
"43","297"
"43","308"
"43","329"
"43","330"
"43","339"
"43","343"
"43","344"
"43","355"
"43","363"
"43","370"
"43","372"
"43","379"
"43","380"
"43","382"
"43","391"
"43","395"
"43","436"
"43","507"
"43","515"
"43","532"
"43","535"
"43","541"
"43","545"
"43","550"
"43","556"
"43","562"
"43","564"
"43","565"
"43","571"
"43","573"
"43","580"
"43","582"
"43","584"
"43","590"
"43","594"
"43","602"
"43","672"
"43","679"
"43","687"
"43","733"
"43","745"
"43","747"
"43","749"
"43","751"
"43","764"
"43","771"
"43","785"
"43","900"
"43","911"
"43","947"
"43","951"
"43","952"
"43","1013"
"43","1017"
"43","1019"
"43","1043"
"43","1045"
"43","1051"
"43","1087"
"43","1102"
"43","1169"
"43","1173"
"43","1174"
"43","1202"
"43","1237"
"43","1240"
"43","1247"
"43","1254"
"43","1260"
"43","1285"
"43","1292"
"43","1301"
"43","1315"
"43","1326"
"43","1345"
"43","1347"
"43","1365"
"43","1372"
"43","1392"
"43","1400"
"43","1425"
"43","1427"
"43","1482"
"43","1485"
"43","1505"
"43","1510"
"43","1511"
"43","1545"
"43","1550"
"43","1551"
"43","1561"
"43","1570"
"43","1609"
"43","1627"
"43","1652"
"43","1659"
"43","1727"
"43","1738"
"43","1750"
"43","1755"
"43","1757"
"43","1763"
"43","1779"
"43","1822"
"43","1905"
"43","1907"
"43","1923"
"43","1949"
"43","1966"
"43","1967"
"43","1970"
"43","1975"
"43","2006"
"43","2064"
"43","2077"
"43","2094"
"43","2105"
"43","2108"
"43","2182"
"43","2198"
"43","2242"
"43","2267"
"43","2268"
"43","2279"
"43","2297"
"43","2331"
"43","2359"
"43","2399"
"43","2401"
"43","2444"
"43","2537"
"43","2581"
"43","2608"
"43","2620"
"43","2622"
"43","2684"
"43","2736"
"43","2850"
"43","2905"
"43","2950"
"43","2972"
"43","3010"
"43","3051"
"43","3072"
"43","3113"
"43","3219"
"43","3238"
"43","3315"
"43","3321"
"43","3325"
"43","3354"
"43","3392"
"43","3444"
"43","3454"
"43","3468"
"43","3479"
"43","3481"
"43","3494"
"43","3590"
"43","3596"
"43","3597"
"43","3622"
"43","3648"
"43","3773"
"43","3782"
"43","3847"
"43","3859"
"43","3860"
"43","3863"
"43","4031"
"43","4032"
"43","4070"
"43","4082"
"43","4112"
"43","4132"
"43","4135"
"43","4178"
"43","4183"
"43","4186"
"43","4190"
"43","4192"
"43","4195"
"43","4264"
"43","4301"
"43","4377"
"43","4434"
"43","4437"
"43","4456"
"43","4486"
"43","4494"
"43","4502"
"43","4509"
"43","4510"
"43","4531"
"43","4533"
"43","4567"
"43","4587"
"43","4600"
"43","4631"
"43","4640"
"43","4692"
"43","4693"
"43","4695"
"43","4706"
"43","4966"
"43","4970"
"43","4980"
"43","5018"
"43","5084"
"43","5142"
"43","5186"
"43","5218"
"43","5301"
"43","5352"
"43","5392"
"43","5523"
"43","5539"
"43","5597"
"43","5605"
"43","5659"
"43","5685"
"43","5699"
"43","5761"
"43","5791"
"43","5821"
"43","5857"
"43","5886"
"43","6023"
"43","6127"
"43","6147"
"43","6178"
"43","6213"
"43","6225"
"43","6259"
"43","6311"
"43","6313"
"43","6352"
"43","6445"
"43","6499"
"43","6600"
"43","6659"
"43","6678"
"43","6728"
"43","6732"
"43","6916"
"43","6944"
"43","7027"
"43","7063"
"43","7134"
"43","7197"
"43","7242"
"43","7269"
"43","7274"
"43","7292"
"43","7319"
"43","7415"
"43","7486"
"43","7668"
"43","8011"
"43","8025"
"43","8031"
"43","8078"
"43","8187"
"43","8257"
"43","8446"
"43","8518"
"43","8674"
"43","8726"
"43","8735"
"43","8795"
"43","8888"
"43","9027"
"43","9064"
"43","9090"
"43","9144"
"43","9153"
"43","9170"
"43","9171"
"43","9211"
"43","9228"
"43","9256"
"43","9734"
"43","9735"
"43","9736"
"43","9737"
"43","9738"
"43","9739"
"43","9740"
"43","9741"
"43","9742"
"43","9743"
"43","9744"
"43","9745"
"43","9746"
"43","9747"
"43","9748"
"43","9749"
"43","9750"
"43","9751"
"43","9752"
"43","9753"
"43","9754"
"43","9755"
"43","9756"
"43","9757"
"43","9758"
"43","9759"
"43","9760"
"43","9761"
"43","9762"
"43","9763"
"43","9764"
"43","9765"
"43","9766"
"43","9767"
"43","9768"
"43","9769"
"43","9770"
"43","9771"
"43","9772"
"43","9773"
"43","9774"
"43","9775"
"43","9776"
"43","9777"
"43","9778"
"43","9779"
"43","9780"
"43","9781"
"43","9782"
"43","9783"
"43","9784"
"43","9785"
"43","9786"
"43","9787"
"43","9788"
"43","9789"
"43","9790"
"43","9791"
"43","9792"
"43","9793"
"43","9794"
"43","9795"
"43","9796"
"43","9797"
"43","9798"
"43","9799"
"43","9800"
"43","9801"
"43","9802"
"43","9803"
"43","9804"
"43","9805"
"43","9806"
"43","9807"
"43","9808"
"43","9809"
"43","9810"
"43","9811"
"43","9812"
"43","9813"
"43","9814"
"43","9815"
"43","9816"
"43","9817"
"43","9818"
"43","9819"
"43","9820"
"43","9821"
"43","9822"
"43","9823"
"43","9824"
"43","9825"
"43","9826"
"43","9827"
"43","9828"
"43","9829"
"43","9830"
"43","9831"
"43","9832"
"43","9833"
"43","9834"
"43","9835"
"43","9836"
"43","9837"
"43","9838"
"43","9839"
"43","9840"
"43","9841"
"43","9842"
"43","9843"
"43","9844"
"43","9845"
"43","9846"
"43","9847"
"43","9848"
"43","9849"
"43","9850"
"43","9851"
"43","9852"
"43","9853"
"43","9854"
"43","9855"
"43","9856"
"43","9857"
"43","9858"
"43","9859"
"43","9860"
"43","9861"
"43","9862"
"43","9863"
"43","9864"
"43","9865"
"43","9866"
"43","9867"
"43","9868"
"43","9869"
"43","9870"
"43","9871"
"43","9872"
"43","9873"
"43","9874"
"43","9875"
"43","9876"
"43","9877"
"43","9878"
"43","9879"
"43","9880"
"43","9881"
"43","9882"
"43","9883"
"43","9884"
"43","9885"
"43","9886"
"43","10019"
"43","10020"
"43","10021"
"43","10022"
"43","10023"
"43","10024"
"43","10025"
"43","10026"
